one,two,three,four,five,six,seven
0.4494888780333679,0.48213126768630066,0.4516841727332792,0.4781723230901225,0.0557394049051545,0.3977170364321808,0.7180837660468539
0.6847253055029014,0.18201252985434924,0.810857662976273,0.9229562776628312,0.2947176109650693,0.048181203472008716,0.3597172174433583
0.0710893310915156,0.6133223088514392,0.832834301653349,0.17969224215307678,0.9720244898779412,0.7043147815398246,0.082444310553212
0.709685703479499,0.02656643676170012,0.3599160039887138,0.9695781169256497,0.14823747768431472,0.5497101175050674,0.48727766238251646
0.970890654095907,0.6111595692979407,0.022732677383906164,0.03951512209611807,0.2818440401024319,0.6881694600830282,0.4609276574836044
0.9586648159840164,0.4682778388526566,0.9260875110824875,0.26196991555971605,0.3062650578693209,0.29434665795746184,0.6531376887419057
0.1787868227162328,0.9506888515232379,0.38290981396555945,0.428939225735098,0.7529054057018131,0.21434512376646164,0.6444363872347053
0.32237113676402873,0.92333639364546,0.7210522238825927,0.32801220580288815,0.1826713121444613,0.378887605520811,0.22711320863945628
0.8579992046367156,0.29250170103628725,0.8230567523270063,0.2504400116643263,0.4916531678009589,0.29257670673886005,0.08069626608908587
0.6331795206376507,0.2277881490937369,0.8162992312223618,0.8892498231805122,0.24400533880017827,0.710098971006276,0.5903590407935526
0.5248185199298583,0.19605188632296033,0.7895000307057679,0.027652361153240435,0.36720022451268763,0.9212365680842309,0.7244365811065508
0.058575967700143394,0.9725416314187495,0.5642310250616484,0.4813486331570047,0.29883866677688553,0.45544604304805525,0.3031680917603444
0.5289077946572723,0.21323953052330324,0.5565566975498065,0.04427919217665888,0.6306302236782331,0.7590927601154033,0.03958122715893808
0.10758013112383535,0.1923464946795972,0.9610157079443622,0.2505877869081329,0.9398751507565835,0.10536078249947689,0.34220472938374236
0.9302998647297296,0.9100540081020378,0.5136356792266759,0.9682454920053184,0.5347193368275232,0.5316710216898867,0.16451694745516676
0.9450916527357542,0.9371942432451265,0.16305250390515158,0.12376720763051985,0.891983188408496,0.4590553050092059,0.8982016239828255
0.5362700804617474,0.6761610101218223,0.03275259121439411,0.9311025113937738,0.6247208731987375,0.4699956295958292,0.9271047919549709
0.043614514662350556,0.7050123397248566,0.6667849483807563,0.3677686625492661,0.16769588797428758,0.3774052364803808,0.786896072550331
0.4002572332844371,0.9886034063443374,0.8174673614217128,0.8175358737355071,0.8539608968222824,0.263838006307737,0.977645527014597
0.709223097982403,0.3932250294960754,0.7132432490903402,0.34919484990325056,0.5270289564807059,0.9018682445154874,0.6976729215071437
0.8468697180475451,0.866798424839466,0.19892226920900613,0.7026106741422172,0.19584815513249187,0.6307257538275339,0.5331600542726728
0.8195099741398606,0.5624196644626256,0.001196932939362072,0.10504143872519112,0.30579777361889116,0.3992588113901788,0.7060392605570442
0.6767921255647011,0.6274403682902084,0.02558413467559051,0.48168270227693477,0.8666146299773391,0.28623623358859585,0.5850802208587302
0.7147638425625327,0.9577321373903788,0.34094672036086715,0.12338143845889549,0.29484249197414303,0.6430706853925737,0.6687810520773552
0.15392938676904855,0.29650914530115524,0.6468323563371056,0.5659230946665317,0.9220027343359263,0.8961626796014339,0.992785154235211
0.43350611735200884,0.9626589731342958,0.983286190267249,0.8998627896081706,0.8571302584175734,0.10589807077318958,0.4721080772590657
0.7727459624662647,0.006111205452793977,0.6158911933893916,0.515159115158895,0.1591575715076763,0.2124572641317488,0.050137752123190604
0.5019518478363265,0.31552557047170127,0.5471718786610839,0.13389161043584152,0.33692900687727856,0.5632019355998951,0.501838818361968
0.3657620643178201,0.08054363204368176,0.6565602932652773,0.16245740467033465,0.6450294362386017,0.3787969743431041,0.28353563417381655
0.6252243275985602,0.10934415646234141,0.9475736597194407,0.17752042358623843,0.9770940404804633,0.6449428228764038,0.5364419040233748
0.44976798217117375,0.23540933986651214,0.7013055191104859,0.08245062900189604,0.2925144743832008,0.6580250006150415,0.6059035428008851
0.5111241763606006,0.7064244958722922,0.9235617049066472,0.9202172021677372,0.7494323717126674,0.18683387585370637,0.08445650177130104
0.27123207347824474,0.9001978480143289,0.29776700895849284,0.7757188759027995,0.3326274074521627,0.5031762573566535,0.3167439103992922
0.5932616540903237,0.05548860800523703,0.286789705420462,0.7428352376456014,0.7862490934184668,0.894223749435187,0.7307628483704105
0.3518330554783252,0.6956428730256553,0.8100129963193183,0.6190411602405209,0.7955804515602931,0.49871212815433597,0.22219991607382283
0.3096972574130822,0.9506648062003022,0.6012635723647164,0.6989164168292831,0.8708958815902537,0.34625405209495064,0.5099288196910416
0.8442976499002134,0.2211551683165649,0.003755954173812026,0.3610484866159409,0.05800137063240718,0.31559621834067586,0.6824398546474139
0.09701286623669347,0.1502778951431203,0.6186951274577445,0.01006776793969888,0.6949323681467607,0.019567501937497678,0.9068249617215945
0.1886489905502612,0.897152522956744,6.516306323156584e-05,0.4058641468673193,0.7996678523438934,0.15542819901123772,0.8518336122293158
0.6460729521143397,0.2253674513261602,0.20728602720710054,0.2021782012330503,0.573835726796799,0.9229066665350566,0.6410653385186554
0.23254306971561756,0.5638149611516665,0.8367159152004454,0.9300877117776539,0.22573659522615008,0.43109664426561456,0.7772091510922651
0.3814289707289221,0.4738008218005936,0.08280317987480057,0.26944234609969564,0.8644813242882406,0.9683328689588161,0.9903547697717443
0.41093454866993495,0.10279738218719858,0.7297251457369901,0.13929543047685178,0.9293806969649759,0.8699910853312794,0.18318219850010187
0.31236114413498417,0.46759894952895975,0.38344920181396314,0.35508758897121273,0.5566139725400743,0.32666441004667357,0.5315857872166267
0.20268777598006693,0.998559736336734,0.09387217449653928,0.736106379166359,0.5878669063161632,0.8019530392494552,0.9747626533796613
0.7084119156407981,0.24201725482697223,0.8867841230945211,0.6315034256700145,0.2681638270044021,0.5488371196779158,0.7767361208962933
0.39203531304922756,0.6748579960445507,0.850834609833012,0.3503417137347694,0.9263143849196319,0.11094676278159488,0.3806613584784433
0.5550757099084784,0.5489317876890699,0.42814020689752197,0.9303458181985864,0.30700643303833375,0.9027002600835404,0.5891206793534018
0.1789976961548665,0.20663358403844045,0.623932882155144,0.941929277670003,0.6940058550694984,0.4775554452205374,0.7405869613110455
0.3556353274005143,0.6753403477369614,0.717346467256823,0.48137907748287,0.8947068217727819,0.285163749973105,0.34677424659381173
0.32122115978630705,0.529740711398526,0.87100971361758,0.7158194716999453,0.7429847421711482,0.604127964948725,0.8542117321048379
0.6659949429838553,0.9053950751428518,0.4722421504864498,0.08993332660279918,0.8167810333833843,0.42314553405476196,0.6307548617106666
0.9077755756354516,0.5960460022953409,0.5172446174252364,0.08852163376521982,0.2545550382697116,0.47842860568698087,0.18785342870132293
0.3568344832005147,0.8219731150730707,0.6047488183220929,0.9319279817765793,0.09407622978105679,0.4110773489166374,0.7614488096114289
0.36463304185585066,0.7450393654462184,0.781234600229926,0.25421796441106814,0.99743137375326,0.5494162938129514,0.7350710341737569
0.17273355825598513,0.7181644363100491,0.723958897305825,0.17378392097453021,0.6135231250660298,0.3699515380052565,0.4208709264419095
0.9038587079651225,0.27035427138358725,0.8591412709352684,0.0558676086542208,0.9722133270380843,0.3566127422865366,0.5142419708240658
0.8873368683682678,0.5038759295796174,0.0287321570788307,0.020475566134903422,0.3458883909310263,0.1308593830166831,0.6155402419350677
0.13350672803436014,0.1700259496703077,0.9639001140652523,0.5341343675615078,0.3387773432693121,0.5703696158066243,0.23454418688163092
0.1614439703959234,0.4293265599830479,0.7493902961694245,0.24055982136868126,0.18785257726423743,0.6755680524836596,0.8642100993492758
0.7489110907879415,0.48808274850496747,0.06985023557464154,0.6106356545994469,0.47668121003052155,0.9130583682445003,0.7201573596859517
0.8257516322244078,0.9705033408998175,0.4828257646123888,0.013745972228241032,0.1981818826525944,0.3155320365260563,0.9537983455212693
0.4915966124633383,0.16145653300625784,0.4628095363631525,0.4769954762987897,0.4407426910992067,0.06744799837657678,0.8496985147632536
0.4376009603303711,0.9361794699374941,0.3544993858783606,0.6979247277536869,0.04978006290853232,0.5795490710579463,0.08790722742680301
0.4971321578844279,0.4402906739848975,0.5105122229138122,0.7514400274255001,0.21162074912448214,0.21855707229323118,0.15419962017137967
0.7747499117398964,0.13766129560524054,0.7149348177513443,0.07707647746210278,0.8628161313541353,0.01168758450159324,0.630634952278504
0.2765048879997204,0.9775549943043029,0.4880155290151704,0.007016675463150879,0.567701828445808,0.45407986208826423,0.33793295176156146
0.5008718632636544,0.3191721969331397,0.27036296067807564,0.5238832014961556,0.43012033551457585,0.4828071940110059,0.426998193481104
0.5240581583664647,0.8792455362001598,0.6720328176722915,0.08656248786344345,0.22215084193944046,0.527554129216967,0.877385549215184
0.9718218157882934,0.02559878948222083,0.779591744989605,0.7611685757279948,0.9005101088215133,0.8955036152605282,0.13195787103754164
0.9654403247003175,0.8719717757071169,0.9384130756834221,0.7084288234723936,0.995745076339022,0.15296357773229174,0.6289741478851173
0.12311227953477855,0.7730001992773228,0.011604080629758262,0.052502691184334704,0.08626541807266608,0.4525888074639508,0.9054023476794932
0.16108941041389213,0.36255348314064484,0.4711139430939417,0.29204874842410244,0.7587137865850613,0.5566618121598951,0.8538390009594794
0.46217882652282416,0.5547739917107046,0.427712905306632,0.7257702358270022,0.7772775574976789,0.04270309627625968,0.24842165153896223
0.5091281695546087,0.7604817294359475,0.7209631233861806,0.4492420565329721,0.45673615414742086,0.15288626802764904,0.234781699744269
0.24526292622520807,0.07412589734544761,0.5674740766384876,0.34332463447147743,0.9152593344460653,0.4403906668262668,0.16872673116946602
0.5864905478587398,0.8180314350748953,0.931918016479919,0.8258455418141255,0.9733652836773806,0.49900036450845175,0.553016184587464
0.7842636538084247,0.21087533910401424,0.34341245482898053,0.9672526618310334,0.2822162488758838,0.395529231541189,0.8698066198117764
0.9490153258386691,0.21819533968369997,0.4342926102747995,0.7572779759111748,0.9946895401632907,0.16738630591281767,0.6023820319839094
0.1637769210035378,0.9069966407501745,0.04614613880379115,0.32356588342875703,0.013649374143900217,0.9059409531680134,0.01526803918941122
0.35251137870679505,0.15020335236616955,0.24751564955216998,0.27527031853424444,0.25243046442852535,0.5845721187582475,0.6241256824984192
0.8030062950669137,0.17956154907402555,0.9114717298552137,0.31381029267179605,0.4583309632576785,0.23871628818993562,0.609968610856134
0.11309801700665223,0.3863107434116948,0.7656960395455453,0.9858161249114561,0.505552581991882,0.6488798833174274,0.06534148635698345
0.22533385321901556,0.5834563039091227,0.599714619080202,0.8434384145184542,0.739010465568197,0.6114344961657389,0.452388823743595
0.023437206134295452,0.7608240341060329,0.5180682932418201,0.8617732144348497,0.9991981900686351,0.47767418179916865,0.3742985275287638
0.5461051817612916,0.11342786103777669,0.5637310052534416,0.1897707874021296,0.19493735370821164,0.3630330776759164,0.7169381543864989
0.006777472422795916,0.2179608097407597,0.47398507130099377,0.7388156356417896,0.08047215928075913,0.7643497246742333,0.04661414064374303
0.6628715104789153,0.9588900956152837,0.1395160679018258,0.11448882982350084,0.41282131072080297,0.2762264067793595,0.49140714683982323
0.8147518841568889,0.24500833353017226,0.5741503433366544,0.11103853887862924,0.4988557624476704,0.8367175049815455,0.7463277746213587
0.8461661066540573,0.05891822370190558,0.14782489280717737,0.45097049277667667,0.1108679245922285,0.9257418991876117,0.8076066260962173
0.1112501460476294,0.11444865206623156,0.021727917986262724,0.3477225361264147,0.877728715907357,0.11801044936379079,0.6347901854016561
0.3594878586602115,0.7780701481244563,0.7640316540248476,0.6007165449691753,0.31447962515192174,0.540747855747278,0.18400326256781896
0.21781354375568018,0.023002053598854544,0.46143612894041763,0.711790407406815,0.565795092542634,0.4552316243711051,0.7975059044198739
0.6799985208152023,0.9783638672572844,0.07638763908410229,0.16343574095668045,0.7282795665775247,0.6327285762221333,0.9889291760627393
0.6033540704883853,0.8236369975455866,0.6168122344719601,0.37902578106932505,0.522992516045405,0.45096038747243194,0.9069604806763819
0.3253545630692989,0.9137417961205945,0.9798063128431346,0.9289105329417231,0.0043655461956217945,0.059481515156568965,0.7523702986371789
0.05939972468225252,0.7430597336005087,0.7014670187531855,0.31729490000507965,0.06803653529186138,0.10767291578131,0.6747183042887918
0.8156398826358643,0.9423479576596703,0.062229459714642665,0.015983797025287516,0.17422359195684956,0.36321021009960786,0.4327039698934019
0.4890734038193375,0.4890277116786008,0.9113577903376413,0.28815297030277953,0.3641722969050828,0.8971973700942497,0.5137947992842857
0.5833944253142962,0.003908045099951241,0.9262443283226447,0.36380096320836575,0.5233472729665439,0.2526721843800779,0.1092095818280644
0.09597744561405497,0.06155093802729261,0.26783041049626943,0.14398408032435794,0.5833797338919264,0.5044375171300971,0.0423884117383323
0.8664880601541572,0.05039021123836129,0.283698143811425,0.06323311468711323,0.4986853954964682,0.828386310100664,0.9398362024775035
0.17322828308662586,0.29965174093822067,0.39676528361319097,0.1540346367903812,0.39770660652532686,0.47274095363701085,0.8265175318029417
0.6052502859499307,0.9453069992066596,0.8563354329795513,0.0923219155237418,0.15392165863061646,0.30725874898964844,0.5248731348687196
0.8423031546340963,0.26428533433882995,0.7267807865841116,0.0496591602553772,0.6583468636194669,0.543486770874346,0.605868889491819
0.8068758096754665,0.28646408798101974,0.9968863561677982,0.5516820216661573,0.7853297866063594,0.5347382697610634,0.15399721833688151
0.46183807191149806,0.40815233585887845,0.1051833862268261,0.3400879353972661,0.8629486748944107,0.9101714250122804,0.8710729249606596
0.6070978726349573,0.773683827866419,0.9390065554833806,0.4766659791238703,0.520767598536398,0.25830827457578787,0.09820157301684895
0.7779864747422739,0.7361073201263774,0.33865657023655527,0.21744016307915526,0.1396975061992315,0.7747134088466638,0.5160287253049332
0.21815238030013917,0.0640914397679112,0.596329640395004,0.01327803196105426,0.4014346048656169,0.29012616953906756,0.5601251104359253
0.86473281890461,0.5812490574698934,0.8664083174016596,0.4843930854763452,0.5601684954850613,0.587624342714169,0.9334340043694994
0.19451656615104906,0.7176636099988001,0.8312608402320688,0.7957618651999306,0.8669730442825869,0.80885240016554,0.9790111933394513
0.343340356456283,0.3225249866003974,0.6845090725272991,0.8384850034181317,0.09545274560423578,0.4313106819391743,0.5103979653719214
0.3724500680476933,0.21052909086951688,0.8698897063025347,0.08941216083610892,0.5902416424102098,0.5573395672293647,0.7279035960814281
0.789510271473651,0.016088649132474875,0.10485008087842451,0.4530288820060052,0.30943222755467226,0.480813401886811,0.5706557361674308
0.4243077031666376,0.9360886392581247,0.939869200279802,0.7896897915036626,0.2105014822839939,0.020216330084480538,0.8203960605485381
0.7035129457433764,0.25921372512496954,0.5559794129289346,0.9696718634356164,0.731246508182204,0.5345428250331032,0.7578471454755659
0.20305574375072488,0.9345867117416083,0.5629447485278543,0.9305405562523343,0.29034996222412635,0.07833407855929686,0.6789284990806228
0.31007193313156334,0.6832720398956189,0.42778307861857034,0.8696010824962811,0.6787111292998459,0.9854329213665509,0.5760933999587006
0.7608348911045354,0.9157616584860453,0.817439964581266,0.3538252061480337,0.3788787519375254,0.6300425883878101,0.7378772663097964
0.42431952191685773,0.8519503969935223,0.6707344192934404,0.8460740656968524,0.45928544519053216,0.6456385112551678,0.11387138458882662
0.6354211478940769,0.5176859966465185,0.9214592094110323,0.7376168588689289,0.9518393824736179,0.7141518075621841,0.4142046015503128
0.9032711886767618,0.9935432651340624,0.5147521684271315,0.7280672807329991,0.3552165154104191,0.7122601244630563,0.4852376242946952
0.5261604736135224,0.37828181949192885,0.17519361745603412,0.2748943812184651,0.7751056425999726,0.6718502692804436,0.21438177700078664
0.06005834130449128,0.5909922310906975,0.6097442495091063,0.2156597276035106,0.057951822427223076,0.01615443330166466,0.4855498762095348
0.5878375990608844,0.5962261050081162,0.9122552469001461,0.8188941438746056,0.36328086823121974,0.5749228172541583,0.49577564739169966
0.7963664589970095,0.23710926075157224,0.02715599678561509,0.3942601979478284,0.8460888620437992,0.8426159215139933,0.5465896020423215
0.09263129544110105,0.030971639046966315,0.6007119319533517,0.2537239468993854,0.1528254437902421,0.08917459668523309,0.16118244986029684
0.9926016249597913,0.4697697442506925,0.3193445887926204,0.8216987555775604,0.10053482626119348,0.7445665223798861,0.9702018699808928
0.6396311074153992,0.3980549624349695,0.3794654483704233,0.457293901984688,0.5466693191255604,0.602324531754175,0.1908512045637314
0.7717782082002694,0.3644604688971508,0.3579913485646814,0.11220408978510021,0.7307341946657907,0.5980661766362526,0.5059008546439612
0.8851053004049112,0.8423805735338472,0.8633768238213892,0.05302841837731309,0.4564662118189836,0.5054304473627197,0.09811138007335618
0.2517334309297994,0.9346512876027763,0.018841783260817424,0.7913791492675684,0.7817525953674025,0.8512517143200037,0.9709092397488766
0.12892764523834743,0.3851624136685172,0.704721027035926,0.16652433626342023,0.020401325168070583,0.6346964068470445,0.9860940883798177
0.44503478242037553,0.2419460706145602,0.3388973567415441,0.772736450438442,0.13772120258814924,0.24868826863835292,0.08740755952175006
0.2971207942029598,0.8921458385869684,0.2552538877989199,0.9965211779813453,0.4875587399580982,0.36213613054851834,0.47363546959997316
0.4533156134486429,0.7979600389250597,0.8485517172613917,0.4717384051252479,0.7287774119436938,0.3031303344155061,0.29823347949725154
0.32428609465208214,0.7515231898996476,0.24455055786448765,0.3750807020123148,0.31734749161760945,0.6986498547528486,0.45350092504520945
0.45599750591107246,0.8509573377280456,0.6841349586257395,0.370959966097961,0.42841889734551364,0.6931710020585776,0.49029705648663546
0.2722546239503496,0.11540996853139185,0.16432703568853912,0.14307434238912975,0.9419652191952871,0.14507818749554224,0.7157764417567344
0.04876738385373258,0.9742879607654525,0.3611538078860962,0.476330768726937,0.9690272907504439,0.092802775066269,0.6128441098604559
0.9128106594205034,0.6074221236093783,0.8117281431723542,0.3018085582886786,0.530778666966364,0.8685803209861981,0.5402157881815264
0.9066272393812835,0.41524531324073055,0.40725048517661966,0.07060847838502171,0.3804437268964388,0.29226427824859325,0.047370218582888035
0.010562038235500504,0.5993066091325969,0.43440777158287036,0.10678645393428432,0.3413970000302673,0.7662198542532785,0.9873493855726478
0.2481164439428526,0.04747723702881301,0.2164354201946348,0.13845044532055595,0.5896973441821065,0.5029439910403821,0.4131054071837512
0.029525831873208452,0.5966910912123874,0.3804150524281782,0.27070163275535897,0.06618568135943614,0.037052308513466525,0.09643929168946719
0.05109112927195747,0.01941133818222629,0.6446472439675693,0.9772970081000655,0.6532748306174743,0.02726276293501584,0.9397781380968135
0.1321368627054338,0.6521302086313033,0.5429481270157804,0.8520434811319221,0.6384395535759279,0.28860184334717554,0.444453028851704
0.8348855592234025,0.32605951020187773,0.05425709126456146,0.8446600002386556,0.7769048696258085,0.39640898329150653,0.18757591820510255
0.2557437231078822,0.8058230805743819,0.8073989520239174,0.6306411305381384,0.6664907011172311,0.5473613897207954,0.17636667218864988
0.9531986370055069,0.8110998926477926,0.8007126336597788,0.3281010425237523,0.7604482820164268,0.7683740206933763,0.9997388146258215
0.6939287481372841,0.9518522524022436,0.20959641797233575,0.695626304402715,0.46249101705537554,0.7436062649714544,0.30696828007472665
0.6909675077474502,0.861444478245981,0.9279765363792655,0.6324860298000814,0.8011914541339387,0.32385530235904625,0.2594678082032845
0.38631646320878843,0.4007165906044676,0.29298132171877345,0.1323903245664093,0.6827468077542841,0.790962797123099,0.2995403762276396
0.7416288007098577,0.3312557801986028,0.5385410699374666,0.32019003361537846,0.2617583199410157,0.9409283976923982,0.42082574174739473
0.43214285695781873,0.8601285736988615,0.011008638673426496,0.5795715912613243,0.4841269175936703,0.5783753362441024,0.7089690549521844
0.6658876690607203,0.36853450117285336,0.02784754867118544,0.7144511268772651,0.9432603620797312,0.9379119451477592,0.17508418745364307
0.8286884860698367,0.8767870762650672,0.47799131641732606,0.49094515893101076,0.6867736682149528,0.5116001925150221,0.8260922532353566
0.9103928747877328,0.20907133672292788,0.45828084164091143,0.378566128898436,0.943140063533383,0.267259150530027,0.9693678644001991
0.8328984036974271,0.028292901280158045,0.3002320918939163,0.8676590258127039,0.8442407563081392,0.5598515411261968,0.5969341696344942
0.48985047738346577,0.23264262249175316,0.12423775611111243,0.6087965092829943,0.8967724256709296,0.2045893658780129,0.11180774772233404
0.4283170761531083,0.3898015209160548,0.3972319748639894,0.5986654714921856,0.21068042933722764,0.8814699494853893,0.28714571429015256
0.6247448090349382,0.5187887740347208,0.11075143746878335,0.16197022039013043,0.6716008442871235,0.8398286898997592,0.4313943014650946
0.426728704601656,0.12427562052553875,0.5942937309697571,0.5497772212595231,0.7738709760678356,0.9828512869313438,0.9423109823891872
0.35488606091014285,0.9902201899310678,0.8135349916811044,0.827543738119936,0.8203331322868851,0.8925932807784949,0.6763909349672884
0.7592718008137604,0.9442066142020962,0.06801593280423734,0.5575895968810656,0.8729502765961414,0.08885948585423908,0.7004721584345548
0.9632158217015571,0.4823825719765219,0.5599344634407958,0.7729157313605077,0.3952133370605939,0.47479843792425847,0.05391785815556205
0.21413067383062812,0.47992932940440336,0.7132533740398652,0.05124607252596425,0.838185165698486,0.1625020591978089,0.0924875824057605
0.1502719293400091,0.23988499937494012,0.0832972990006634,0.8825244744399304,0.13126894525103827,0.6181843056174036,0.9643178632215217
0.4964454676116872,0.34837468341227185,0.28231551546413103,0.19832461423765424,0.9765337635438535,0.763409757735736,0.11421435036383942
0.41869486854585525,0.6838496505121533,0.3540038513414765,0.06770548884942662,0.3497269597064052,0.9355029625566225,0.19932726644414744
0.6753741925502921,0.6886737183786104,0.7068456147278205,0.23182875412974369,0.2863310123511723,0.03973231683300105,0.20225606894156367
0.22271367491727734,0.2666643698656024,0.8393207704070577,0.7861216667644497,0.4640873651945647,0.47409250287846083,0.45786652690057816
0.09046845003965653,0.014662429522436904,0.22811428273616263,0.535231608623858,0.11455085998631043,0.9611398827358452,0.9234770664129597
0.03202952038188589,0.3577202225184881,0.27615030656293804,0.7973639356037416,0.8748995260561409,0.600140728546895,0.5776728503909764
0.719180209338144,0.14647732772072786,0.7726038727040686,0.23222314503347785,0.2373333943199235,0.11404598807691824,0.2544925411204011
0.42581546533899217,0.8250278174692415,0.25359352438295546,0.8512838850685964,0.0860079436239174,0.7735907292294348,0.13818380983640333
0.131814979576797,0.28281660841506906,0.7069830515024677,0.37649303688858105,0.3563249457574468,0.810868920409229,0.8403250076864062
0.4462260470264715,0.7164375554656387,0.29306983037905077,0.5920795144526093,0.8555244759366777,0.8039411940656299,0.18699318331659898
0.7176281786975314,0.18079497225479113,0.48540222404498534,0.285158421177664,0.3460925771869341,0.45659188850899757,0.892901626019475
0.6836786026966988,0.7655725687139692,0.94494497771368,0.30783605882434584,0.44077006398077956,0.16280907471562878,0.6522867719117601
0.42797766922902825,0.5920520533089059,0.7228388121478793,0.800673929956585,0.3584735652916329,0.09876386582779428,0.805396277916391
0.7551483805871734,0.8245156955417079,0.42776286387873697,0.21883011367395022,0.7947013821394078,0.48456129521092084,0.2780566080352863
0.3946538396605145,0.43607152981395747,0.19122479947596316,0.28180875968663344,0.31301251178470957,0.907286794717266,0.6304509192837195
0.3818475503335014,0.13798114881826928,0.5916084828407522,0.9550234898079839,0.7256079160030154,0.8106663065510208,0.4222397419517596
0.35769250646599016,0.6071207800541074,0.5532425418507505,0.476886491642597,0.2781469400477543,0.9578807750053995,0.24763265354015762
0.5878308381484366,0.3053950124314895,0.36819044484584673,0.8471159230888121,0.8545223219469091,0.9364404553140433,0.5239315936677426
0.5209701853574061,0.5803347378222719,0.48398668487179386,0.177474833250287,0.15757897597861314,0.06889151550904715,0.3403048630776013
0.3924317268577804,0.9214277961468179,0.4096418517262337,0.02935007903898723,0.567945542267102,0.7317758028355424,0.2070751201549743
0.4554332644710618,0.05046823116858301,0.09990586839176974,0.17784619468218732,0.012952905062757591,0.3951577161042408,0.5159734443142162
0.11696406900540046,0.9859795881243351,0.6045081651890687,0.28817216957615066,0.7277522742678613,0.9637771701705045,0.3992688996227943
0.31049241191538535,0.5998924654704446,0.920253663433292,0.3485581825871774,0.19740558280025533,0.05291560128174,0.9445159351778656
0.04516511828219094,0.7577492748695791,0.8601319681889784,0.36396069364550854,0.1868654465767885,0.2925676248613649,0.6872687415078219
0.7698886822786308,0.8471835705526132,0.14285170470901742,0.5343903201713505,0.9923583247674717,0.32107713900194323,0.8918858489499802
0.8419315769331094,0.5659973673544625,0.7726809894974493,0.5799119352131875,0.5959567653553505,0.61549649668187,0.10030578667655887
0.011767517902310454,0.1855361194342553,0.9026587741663463,0.5564185922362643,0.25068719107790316,0.4960734795826309,0.881848679326968
0.07839427812769073,0.11362096179148518,0.2885515788828815,0.7222217199462402,0.28086795465493297,0.5787524662240587,0.6892245317145091
0.04233394178360317,0.26555882948232323,0.41276707870180407,0.5637041100013436,0.386764133521317,0.24198599770151497,0.6785953555129396
0.6512459928286345,0.5287138473069392,0.5607632032217424,0.7016573850958404,0.30033399787646164,0.8627759463589412,0.16699475041249146
0.011748908146680836,0.0499969099455162,0.5872196928133806,0.44629807720640546,0.5410084876422666,0.3758743013803335,0.273740702912463
0.5928979730211281,0.9567932010176253,0.19874532553202406,0.3472974754725866,0.9559632320850758,0.6380301754831784,0.22420817768392354
0.7565990137563857,0.3197646465679932,0.6476896624686228,0.716831960699308,0.6602249530460974,0.9895846528880965,0.48626213503934634
0.029442892852825864,0.9728893541266593,0.20761727020121556,0.08473512405500694,0.5321251022987872,0.7720128719795064,0.0560420960914475
0.23057908727407617,0.06902521398835304,0.6328644437915142,0.763753992862292,0.8664746739178478,0.4577258701542203,0.5288174247273212
0.44942810798106414,0.21962383844733646,0.20403342338257224,0.010991927784638755,0.08725540949103416,0.06386793594103457,0.34043721765563306
0.2514221121457306,0.6959515026878336,0.26351718847596317,0.2920289055653018,0.007714462527661503,0.4491707173105195,0.505298129806727
0.40371260576428436,0.04787332836339697,0.5376081635143484,0.7266670947415124,0.3054589922733133,0.7660686516427909,0.4445182833291116
0.5452539232195002,0.6664423244942513,0.8851245264560582,0.32933943368568874,0.21779277829581012,0.809757558234409,0.5305174220809377
0.44962959094933685,0.07068439490011769,0.2671101314443146,0.969346427259389,0.9739955614005864,0.07406363822023665,0.4173581023894387
0.9132409612958129,0.5152868698547389,0.9475473551339876,0.7102815424047484,0.5350631307864953,0.7593485244728,0.18392754530395494
0.8889634650809577,0.3248202141940254,0.7888481033530715,0.274076377416105,0.9389541340361102,0.3761930039519681,0.36855952334878705
0.3125340080925836,0.9638779840513969,0.06699239572783289,0.5531807253392512,0.5479720997706226,0.7962052949091026,0.45334000880780334
0.31053665966484245,0.16768218020893966,0.9309727697673844,0.9240382695417219,0.9365363964179058,0.8667936999439897,0.9754536375671553
0.4074238235149237,0.4733441672643883,0.8811076206489437,0.8829359379359542,0.7595228600433567,0.22044721200779394,0.5702369429289273
0.014442792124793269,0.5658780533123761,0.4817031065797356,0.8667592249274548,0.2601649178642038,0.12219745621097755,0.6993931397811634
0.7484697135878426,0.6295941268701519,0.0674599194256873,0.4899880903283039,0.5539256737007925,0.08280377694170582,0.2748684127280562
0.3803747224027205,0.1288783128160661,0.3514753477663176,0.4799309585512539,0.8074714299630887,0.0009013674408645533,0.8762078635943562
0.4817624522478936,0.5478465026787298,0.36800427719020357,0.3814664326382907,0.6424434262693198,0.03151348296018086,0.1902309819104423
0.20807804672682628,0.9537096655886953,0.45770901019789245,0.20336039890375646,0.7703134049555269,0.05570625441425736,0.8498038003906349
0.1808290449220079,0.8820305034171659,0.7821790002540877,0.7572038960481741,0.6471608492615271,0.49338446279947457,0.4608316085281571
0.3885512316227768,0.37254516339603827,0.6321465706763237,0.08532255401907463,0.9139220023576333,0.949883539662528,0.4547059355218288
0.01586821908445124,0.6133727580461584,0.5109477367904577,0.10463622324724253,0.9171970270788801,0.9777894958593626,0.2173064024881981
0.5950862981794787,0.286271073562148,0.0773249796868396,0.8653479112776605,0.5194125913804947,0.5147068075619554,0.3813678473290414
0.14844764688790546,0.36271176677492667,0.008728302140836974,0.20901715351945382,0.7577012148874819,0.8983597127766899,0.4590930760104692
0.8174593164077062,0.2986806414640826,0.7109766346560753,0.2318412015023995,0.3824595852493594,0.3883185736599858,0.6377361917888481
0.6292460634101851,0.6013155670847651,0.8760792587606417,0.012782400068352406,0.8228161101798802,0.6816654888522149,0.7792099924621484
0.3754008719661872,0.32744832802217505,0.16048041718129802,0.4524144377681746,0.2194961038540203,0.17299850282192497,0.24166173167172833
0.33386182531172404,0.24402736093897526,0.16008306956019547,0.7194916892561924,0.7423488825481583,0.4226302430764983,0.718100116427494
0.8794278964296836,0.06558670041119952,0.10764985928278403,0.2220320331656902,0.6966362182028238,0.482550305398625,0.4075419387398739
0.4290072545594661,0.3352744811626355,0.11496059301883854,0.2295458256208418,0.23424835719525072,0.3865040783060395,0.9787668425031104
0.39684033271381713,0.2244386372963002,0.5210685255955739,0.6331944987318385,0.11234941065336679,0.6719772951871176,0.047539816768018106
0.05511220555014329,0.6777891630390424,0.8607819401054235,0.8346489583851795,0.9980409177472499,0.7070114157736237,0.5010784702682108
0.2991054294768123,0.8132815122224986,0.160125944801348,0.2589540908077622,0.4327602619056552,0.6323887947278233,0.47504165628857786
0.9267183729562194,0.45114215081482545,0.4753718104865825,0.49747193140406953,0.7911485528179771,0.9363070443633393,0.26101593033997805
0.44168792039147364,0.8635607650972333,0.0031898416199199753,0.25847535039079506,0.4760942743961676,0.557874176534256,0.7116944292565445
0.9373912665303085,0.430986041773721,0.26159879444597967,0.9793404420763261,0.670049538128092,0.5030455719066117,0.7281711891089716
0.0774473786169112,0.6842291103391288,0.8601177513688145,0.9754407126145569,0.014632458924539238,0.27236446057032615,0.4245896258607009
0.3167267881874133,0.6292753529888903,0.1194583103052671,0.06385817342041644,0.08303639157437037,0.808054881100103,0.5456795099927374
0.11342046391520122,0.08738867046103238,0.5224545431884238,0.4391224878844254,0.5290338601375012,0.44863437521813865,0.7366646486945643
0.031084522199383735,0.24423103804120883,0.6840347381950375,0.9106348262820841,0.24004744680047785,0.48741762202259864,0.4976875487707312
0.5405377711945436,0.054657645610936556,0.045433156266594166,0.7111381284210374,0.4291263547065909,0.00033111215313352815,0.3323134974297586
0.8856897745499145,0.9433260161709948,0.45240077945996715,0.7460026718729332,0.9504163554395184,0.4456978917284833,0.5459420154432324
0.22473893946556067,0.9884370398518539,0.3256876273443089,0.2420912583123408,0.9436805803161578,0.4562483778865827,0.7585353663202772
0.38831231058786075,0.8907243204809956,0.5694567951806785,0.7498050430177439,0.4724675515055563,0.3396197700196516,0.5716834512240119
0.33516265113375276,0.23857710363240836,0.7244181201947596,0.2604709068260612,0.8258076410915677,0.9929523570727967,0.653989948405791
0.2798770836661333,0.44511917494451525,0.8592345079609958,0.3273685946614484,0.4468748486776071,0.22943501680013223,0.9101800437967659
0.42000696602281606,0.3093675234846168,0.379632904269933,0.9843186961530089,0.39912051953259353,0.8906573415151563,0.7325106219971192
0.7032733715272661,0.44408739224342997,0.5349010047993422,0.6729368682627054,0.4151651521735289,0.2642415631010553,0.47598658367992963
0.6032093787162486,0.9307681481608219,0.8042514730061882,0.6859653744100835,0.5815366480960165,0.42312383126011155,0.4310707837309523
0.6627631941638817,0.6885822153177175,0.38255880652592866,0.27898088198060855,0.6923030859582464,0.006331402197414904,0.09039699909532317
2.2908508579333464e-05,0.6047006554481591,0.46507327073928806,0.00978922922072556,0.10467044789664037,0.6483164506380467,0.9380348345557133
0.309776041256118,0.34364037391032,0.09216386268284948,0.9158022489147244,0.9962095335965769,0.5447157875771377,0.8325384928816423
0.43428346756260405,0.3438043003724779,0.7393003142238371,0.3215541689503273,0.011440991267269274,0.6180842254923165,0.9059002326089147
0.8480595679003864,0.4618756342898074,0.4000422122259415,0.42762871207480513,0.48248772582558164,0.20789195400856697,0.779386786944032
0.15030997640165233,0.5183906757876514,0.2588118025474152,0.02154788100177374,0.0711619350982059,0.6929915972051088,0.24799083078470752
0.33259615472972115,0.9131103696937203,0.2031550538468515,0.9518388423871083,0.6153711830990182,0.44009055470848735,0.6565163627447779
0.9040177321553509,0.2803223865087501,0.2311619468287932,0.3907190746487831,0.7091861025841887,0.8515990980245121,0.0864818041330353
0.28380713621138387,0.5654239666287567,0.7549944991601961,0.11325648695827106,0.4739619727906498,0.9551495012828587,0.25826818501985227
0.26702865235114814,0.5740415749368056,0.16357592169404855,0.7090516317001249,0.7072031051821812,0.29784427414152226,0.08294211406983887
0.2708901549667535,0.7608179745339316,0.8174106829048389,0.47228453908232226,0.7425436226870423,0.08091979172584884,0.5450366622937093
0.41984443769629964,0.39443337253974253,0.5284050500444027,0.2251864781571311,0.43157859260921727,0.36084002294756345,0.8663285148802615
0.027542603839326496,0.31326197498715913,0.17469159312647964,0.9640811823838441,0.4315649843457863,0.9276579168720743,0.5285311843974143
0.8932221695260562,0.3052486188015415,0.8017663712694371,0.4122037977861428,0.40756309509512567,0.08521310942962457,0.19191153478067768
0.9702732238084916,0.2527643404539335,0.34160138609862467,0.8534999074955566,0.15518126957182798,0.1776487573637352,0.9788446287135343
0.4316747509235107,0.29537468083721596,0.9875519032394349,0.7006322073316457,0.37103156575135,0.3485413412670144,0.7143732593148407
0.9955636671122664,0.13298106323523962,0.04094670560620162,0.1643635839132892,0.23884866830652585,0.26467708836689097,0.5652769433793867
0.5069668918530192,0.705103580618573,0.733240376559851,0.6092140640209457,0.16256611949991673,0.696586397581787,0.1500979312704901
0.32282548867363714,0.043115703707284014,0.24916150696806982,0.6624701840869613,0.44750543168100365,0.965126734061947,0.4672678016002799
0.27010967623296,0.9160384950739424,0.856887033229077,0.6070053748074922,0.351119422485488,0.23118706082061913,0.7998081421806656
0.8859324435029657,0.9258229275962785,0.0023504321482735735,0.7586125974230978,0.19261632847079468,0.9961368683067104,0.8799886747660731
0.9052545801635625,0.6407132808202064,0.13948003863900338,0.8938984901802528,0.7714626641461103,0.9622034231388404,0.7967096700015721
0.6964504956450459,0.7045794845074527,0.1705704027370285,0.4663489255092169,0.09066838213700135,0.7766973400205606,0.1600359135517242
0.7218072393992593,0.8150270790436758,0.4173696953550782,0.9267701990629803,0.5015460315401938,0.9819275485555499,0.400754222773847
0.5800429852050593,0.7376898162471401,0.5145402130047675,0.3050594739876439,0.9320923647301815,0.745278810122837,0.9622675111535299
0.180423453884903,0.6831457494521653,0.7035340256914379,0.20861327762513848,0.8368041053575412,0.37625044270281593,0.49825427943847567
0.33389663158408045,0.9934174732093418,0.986175087261044,0.9503385862362693,0.3349887417675259,0.9067626487971886,0.3567092334703946
0.29773159766411217,0.056876146129673844,0.09950663314776531,0.18576199363634438,0.5843099251963859,0.9939922196176287,0.1958942638129516
0.8398119516384012,0.2891904945685638,0.23250256314238904,0.3621265557878408,0.7374356196028541,0.8325078911330694,0.6430305628288957
0.07599836189964038,0.3291439823467688,0.2737222082542097,0.0064561950979131755,0.8932836383198683,0.3280983590693114,0.0010426222681013675
0.6037627350746771,0.6861468165276933,0.20008026238554855,0.848487896310682,0.8526031260276359,0.008806950281646686,0.4896768719281154
0.3201030814389969,0.9468889437348282,0.4128186957537352,0.17796790731953904,0.9828546722561141,0.8703279923682049,0.9844404978087632
0.42599494972264196,0.4690269040863111,0.27686725237775633,0.6806738644842808,0.6434013276777437,0.696899437668361,0.007708642093196105
0.8555956102989012,0.7128456396351254,0.8052803870987001,0.41284886882274585,0.5058815580439923,0.9978812998817437,0.7165763354373357
0.2089200352820142,0.13613863590316644,0.5584189144765813,0.19856118460044503,0.849816363499037,0.6676250201462244,0.9369885526336298
0.46530728141012845,0.6916613283011664,0.07559886442042396,0.42640210494713215,0.9061379469516635,0.6974779533942905,0.6417892680754841
0.7745707949833626,0.019714288075203146,0.7511163287642362,0.5115176217361224,0.9633327308311789,0.48582392889856096,0.21979679386982343
0.8367801622237309,0.7732233916016055,0.7112264198650826,0.7646392648832294,0.4144453947926193,0.6350773761445032,0.49224013300442704
0.13988703605975228,0.46778041682878624,0.5069082821373306,0.4569662268436241,0.09533703245184288,0.007939726922508106,0.25711538963136704
0.3497997023855367,0.5094966412028018,0.030499906671665356,0.14395432146515774,0.1955543213820614,0.25497283809141147,0.034024064046057845
0.7341604075730322,0.5320358045020425,0.04591430353622694,0.937762520683949,0.6731562199232523,0.12640485754285735,0.7426972366219999
0.5678858470844764,0.32331646296766714,0.8455558288635552,0.30118789585375005,0.016222798398422333,0.7746338288210682,0.3392052714263444
0.29438492692370266,0.9804909408296184,0.8345389515220109,0.42596241519991074,0.9999960124370679,0.8607056209401873,0.2631726498486259
0.5917338817017526,0.15363712528017992,0.11905530793954477,0.5015380902070125,0.30470799594173026,0.36584535204295665,0.6332977978099766
0.6699937095564628,0.7780681250672049,0.8927545405459604,0.16198040229714228,0.7065404889241335,0.5365219131593196,0.48679866926239557
0.6210925272293841,0.9411899291476992,0.16396006718595457,0.276409284851589,0.43774685090105825,0.08747553477246828,0.6298377179970893
0.06478814531241783,0.10842546179377432,0.9644481501148584,0.9910388749925841,0.5715364148099684,0.10217895889103112,0.2734209858782516
0.615385989780272,0.5028036756911825,0.8865158541720297,0.37986487221266685,0.10121520308737564,0.2938095394660971,0.40728315278032523
0.5819456098049476,0.5246069087631643,0.27159179991323834,0.8702667363400276,0.7670535477202247,0.19400947665612456,0.9894099526882654
0.4523655020598204,0.9222331776777303,0.8750939216378938,0.44068807496636064,0.37438867334827675,0.8971863086755354,0.10278229273216255
0.7044538760523864,0.5121529897097207,0.18637047295372333,0.2784290090350814,0.8451243800559852,0.1447036044114477,0.7909936604208677
0.8331834229445394,0.20564729590632846,0.20993825487514806,0.07047946054932908,0.231619828961238,0.6058035810841021,0.6146884512505052
0.29498562300599085,0.6239759078293292,0.5801532749360362,0.8191049912452779,0.6567019431678377,0.18657458437710772,0.9324645955070267
0.9047487496432606,0.543256330458494,0.9736578837251145,0.022161827801805645,0.14990814919656825,0.6290718412591159,0.4929044522152696
0.5707968212895117,0.5770674343097693,0.8397489443470575,0.205182627252532,0.3120456891148998,0.5523833929990258,0.6948056728862173
0.8485155375256296,0.27887054421242674,0.4920735391290214,0.9149230362634766,0.6984035028480123,0.49343296411211346,0.03868559355609724
0.7404183516628388,0.9057197590548166,0.3216829153903843,0.5113079755382399,0.42212838320907764,0.022923307728650366,0.4524985102353266
0.20837497293560214,0.957518331217864,0.2432425755626063,0.998178596506329,0.47585765488071674,0.6342253546686626,0.3769384209621667
0.032102039517987735,0.3991379593842449,0.13041749618747944,0.7579816843544767,0.5255898369833754,0.10143121852152825,0.47193721918899645
0.11198410750961174,0.4715896968467638,0.8908123000349454,0.9281052926223685,0.7875831170916634,0.6926419292213634,0.839365866490399
0.8015454048026716,0.5771908078276156,0.75960665038809,0.9922386466479969,0.6964946133694881,0.8125351939223517,0.8313876881169334
0.9398723807730213,0.5146272293990389,0.15463299858080026,0.8435721517345497,0.8431082304489196,0.9920161835433577,0.6065477411565513
0.8384366707292816,0.4582609650775874,0.6343277091049766,0.6456026575577476,0.3186098801946713,0.6542580663159451,0.9718437630097082
0.8942034191099161,0.5476717550738657,0.3770202698876456,0.6238966432940891,0.7450398700428881,0.526537517454201,0.9498209786139932
0.5231591931760597,0.7892002595790955,0.43396842227397636,0.03637924905269563,0.5959423455316872,0.649815823437032,0.3098664024538571
0.24452679695265367,0.16093448361148643,0.428990600064699,0.2542733514418918,0.7251330129695487,0.9650341599155303,0.19114611346458033
0.764902718085151,0.15347920239706148,0.9463513879964892,0.5737800519963865,0.49145662259162526,0.26415295424798446,0.4291308721619096
0.3545313544332497,0.6020017755129763,0.3763847606104268,0.3674333162621265,0.5432561181930378,0.7997942142717106,0.43847962057652334
0.3859299750735574,0.08014474904062219,0.34667371627988297,0.01016105610435003,0.12644361469648913,0.08240593271341923,0.4281587782782281
0.9528616594127138,0.6727967961087331,0.6952504595810431,0.12997269644204013,0.90482119328886,0.19729850093715828,0.5666001330610516
0.091733426705641,0.7419976968060965,0.6118528052841712,0.4617905706303318,0.575725133881893,0.5611932138921569,0.956530560770371
0.5058447645743138,0.6754765975681127,0.6283789280163274,0.6297142476230103,0.7557708217680161,0.2522349415154387,0.4981085505700845
0.511343009349982,0.9168409409110888,0.12986029005544997,0.5900429177955071,0.17399013996569646,0.06449308034708212,0.7346789963067223
0.5017120762553581,0.7958896801555009,0.2656893332460488,0.00910313565820764,0.037859611421237505,0.8691699706300542,0.3224007931841194
0.8842209923474761,0.4526640914739698,0.14343156232678,0.9793735688480488,0.36659714305192426,0.15284480805174883,0.2697519313495348
0.9327736742542188,0.42920069637835767,0.07030164981981324,0.838410884610018,0.32534162311904113,0.2153710599841283,0.397322838325856
0.5306329033516196,0.9921693108902244,0.09719535296544457,0.38049854928696125,0.7948848305310512,0.7126111096386147,0.5291451713247062
0.23255461205280548,0.8285564878395553,0.3485666857068901,0.41686405793483217,0.5750646744766991,0.15451780877438226,0.7695319899151991
0.8522264828386861,0.2835388351303667,0.48012209154314744,0.32487826421460053,0.46032625800267546,0.8299470139394025,0.08781097557751183
0.3251724577506634,0.24943945009663404,0.6994048649575165,0.9183310594033588,0.5971616506405518,0.4719625251364138,0.7831148518506406
0.8642675248061853,0.6960143795360824,0.10515267076494206,0.60963256292526,0.5858709615960543,0.6510661614457984,0.7122475358340123
0.49652107040449134,0.468153981946974,0.5068944923016848,0.7609867585524464,0.29261095605408727,0.16470495291171905,0.48896966776905815
0.5287561440048757,0.42845479104727413,0.1783980677692948,0.1824580076975454,0.5196528919908473,0.34355684873284864,0.14941972791341995
0.6562236562626934,0.6108633947830385,0.25159571898873145,0.07218519598443618,0.7695101527018116,0.7193639556233486,0.7885000161246678
0.3620438646495703,0.9790222536047003,0.2165723822903537,0.18128566752898312,0.7485226960974448,0.5410825132370108,0.1921285233128185
0.5660218246488099,0.7715522403132211,0.1595518713711449,0.5198030192268724,0.9451721839564649,0.7668248722817164,0.39835767817375545
0.3270045495023487,0.646021391249091,0.3504411634850405,0.693041307238746,0.45071771036151187,0.3037059270054562,0.8934878346793329
0.34054184688126776,0.4148632482613165,0.5544325385184686,0.0649390406028525,0.549342163403517,0.44683200954245006,0.16328125026460338
0.6475066782475493,0.12062331261937531,0.35904812836969313,0.5507361649915206,0.6046547422763802,0.7682427263361282,0.735519138034792
0.4279737994304942,0.09958473527174616,0.08071037171175599,0.5302425692037906,0.54435437803393,0.9651181009187635,0.23097384364256401
0.050291546023862765,0.8595153846786139,0.7013391252463365,0.25148623714448726,0.697455726566262,0.34371208712809154,0.8352666265300698
0.4691457930156321,0.8414557997502332,0.6107418615514216,0.1417754826469949,0.13368063737726965,0.3795573012936634,0.05073818953193032
0.6744734172984742,0.6356851478992646,0.6183135191237528,0.3848795020345338,0.6805149013337104,0.9011420567879525,0.5019584558496717
0.8131520598389851,0.5947272438386242,0.05998591293191613,0.016835934104723838,0.5705088206353752,0.36367189943885025,0.49223369948659057
0.6687444610093815,0.14424361832528465,0.5543425681567866,0.025034781506685366,0.5058182072046479,0.33139130684854756,0.49430480660023657
0.09018623400424775,0.3030457288406089,0.681566646240571,0.798086860343651,0.4401771414800272,0.5306319967776083,0.3983585897662568
0.5819902605829587,0.2779432057351392,0.5484230339826239,0.28391102424176984,0.01128311967464024,0.6711576297160025,0.4875951723101334
0.28824945809058933,0.019983271751454867,0.8131537260553359,0.8728937887220559,0.1768399801729259,0.569145854671843,0.39598666408844385
0.5867648775800951,0.6654688974644211,0.9195114469883817,0.6873662210591872,0.0588285820709854,0.35691855284315155,0.7826046640630004
0.10780368483308467,0.11537480643711051,0.9853020914019862,0.9158825411689682,0.990940317865838,0.9427854309096482,0.037927755027078125
0.204453471378509,0.3255851561791837,0.03169421000148298,0.2186643749758087,0.7634621442040611,0.8642336579008887,0.6041676118121709
0.40521655988449223,0.5552033106020013,0.5939604812212389,0.20692966465280238,0.5888475014222383,0.20677565334227188,0.7584146111895239
0.045433011025935666,0.1590895247483498,0.4631101625570566,0.5246572034730402,0.7844016601330966,0.46027693456273455,0.9343762473324403
0.3798446197987919,0.5620474892441449,0.03721312595847648,0.6035375635398289,0.9005470058991899,0.04762809869670559,0.5315336559979017
0.25410968584250637,0.5425401709588725,0.798163044203436,0.999665411734418,0.612289149625704,0.6278262945791823,0.5004047074718898
0.9710339727790195,0.0814975848991758,0.1479844898587903,0.5002369450765399,0.0376366530750496,0.7415842451854352,0.05573163429952188
0.314088041235829,0.5389646025795993,0.09264294001885487,0.05625736275759574,0.9612699475598887,0.4532047517412985,0.23447715010395043
0.46795466207435865,0.6614612215108902,0.8142627846858473,0.16060816736400074,0.5510336192779058,0.8912590360439727,0.26163641347646793
0.72097822972332,0.4288030343525485,0.2823421127070037,0.3107765439416834,0.7754627578947763,0.2952042885099896,0.5244312912519985
0.3801941714260647,0.26452867642238154,0.533913388925535,0.2960771055157728,0.6625754333924735,0.9922085252281795,0.5813805082188497
0.8031250996235328,0.5007475682251301,0.18068050040301575,0.2376907329393253,0.2932267853982955,0.8229845965569134,0.5876205313594373
0.3390083646987798,0.8888646758010702,0.920243038391669,0.3490940975465334,0.9557825461644839,0.2516586038251618,0.45504111893839816
0.7030311527176893,0.4905773272474261,0.03233660346619971,0.547185886594241,0.8689328391133762,0.6039620128249454,0.9792295648246757
0.01792809749531954,0.30290165477272835,0.2345821095862145,0.8728899294042972,0.8760557368063712,0.6385299460408616,0.3146169351791397
0.06738437987427681,0.5704423068937657,0.09097277964071337,0.25989964917220043,0.9051423497316875,0.6131615445376751,0.9311993844779065
0.33996610665842153,0.30418338606362594,0.8251310817087696,0.21902428149513598,0.039750158080988696,0.6546517496191716,0.5222338661056444
0.17054352903013859,0.61336723553725,0.27150401459494466,0.8060881040016026,0.8930504096121692,0.1441592303851955,0.19346234797738393
0.5623170365811789,0.6237743190521392,0.12590114290226573,0.6829685348728168,0.6187221054578259,0.10147330203453475,0.6984630402763649
0.18223286137138517,0.00018913345217375088,0.04802539968146924,0.3310013620836484,0.7945578675925612,0.18398011229524325,0.6102139864600797
0.19891999859200826,0.3909560882062395,0.018218313102025707,0.3809154412759982,0.4575576611614336,0.07354652397941297,0.2386327047786163
0.5566618462340414,0.5691524354546689,0.6098398366612384,0.4346355364570854,0.06348024299495902,0.18719854399234415,0.3202617191791439
0.0006388419057430372,0.23070385430376172,0.49282703309023457,0.09463656177409485,0.15742241631442,0.5110939309785676,0.2734355428850205
0.9197351931262637,0.633505999582023,0.4067714454978668,0.5356722763827073,0.6592785353683414,0.7491409584043369,0.2838098375144349
0.9762277042206896,0.28504765380445385,0.8220624134057736,0.8320300656421414,0.3379995117103327,0.7185597568502836,0.4646944524155593
0.3006436756921679,0.5948660508081244,0.8165822550184094,0.7155570330851727,0.585970272415764,0.2691994793207735,0.3506539563431852
0.9081327060244829,0.5628825531821898,0.4557973405097362,0.3307220185850669,0.06698688347995707,0.9278326285148747,0.21168401120153701
0.0016360928472841652,0.6904948700551462,0.5349360658591842,0.6052452273713851,0.4467619081986296,0.8761440332667503,0.8196031570527061
0.7391424367861187,0.7415270234153233,0.6932578506176401,0.621439788944087,0.49933928842947206,0.43009731197546464,0.27579128504853323
0.49068294698809534,0.15919144161116516,0.07315736359744351,0.3708829014272862,0.5109991308817808,0.5022170622473603,0.9040709790451199
0.03636309685439165,0.4291542881888898,0.06693836317490076,0.32277211576764087,0.06351019118345036,0.5810134616823455,0.6898573905991209
0.17881098634014114,0.7727382455916441,0.9313940449250859,0.6527800607637043,0.16443798042069901,0.3564983167179554,0.5245658872336261
0.5893121503078045,0.3241885421961388,0.008956477865851964,0.8122229525174951,0.3525090716412983,0.057562411879861775,0.7225015353165427
0.5401783429494508,0.2918762847713169,0.08349830554322679,0.754784439923672,0.8545447958321961,0.6024573239319923,0.38535071669936627
0.04484569574532249,0.3867660575001246,0.5466320119353447,0.8021371110203743,0.01075026061232276,0.9835580289722231,0.22403707768312475
0.8274087385020558,0.4210248168847788,0.09822249804686556,0.7905538015567265,0.4865242414084484,0.5408737875485644,0.6129680600803091
0.847282024670264,0.344426652057943,0.00038079495027054655,0.9861812728429377,0.7074367353068646,0.028657380701129997,0.5271266909041307
0.40811472750389566,0.7855469296209859,0.33297812852612707,0.9982729270290267,0.8768523340464758,0.5625174141749505,0.1630485523533859
0.97605752312726,0.1665294312318535,0.7891634791394423,0.18646223202618084,0.7447169747497022,0.35846528898784813,0.16085537781795456
0.8893266304613796,0.8949076817673989,0.7086879502042863,0.7990573442355708,0.5689801338547761,0.8098802613449038,0.4448166931272126
0.9285713091387885,0.1838933987507737,0.05955201763934337,0.6811073031686418,0.3164550647432173,0.2076982615683537,0.9900211485697807
0.41537538140987396,0.2582165784266095,0.7991729155559396,0.2087189739165044,0.8694037526689653,0.03382770698434634,0.1257670086426318
0.6708622028850793,0.12618243534891316,0.25404685481825384,0.2766813723931165,0.26618604698810744,0.23871809668743016,0.33658374509442346
0.6079476115454535,0.6847730453342675,0.518588385670921,0.6703007431458072,0.09033325788711632,0.2850414812367612,0.03922858400988094
0.8238014285028618,0.9182645914847439,0.6296233740903707,0.2531852436504064,0.8390833099432874,0.07920872237201004,0.21362846228634624
0.27058440480024115,0.05498363685312313,0.5659797755272225,0.21554890666634663,0.08337149997840987,0.5171884342468603,0.2720251528477978
0.027256535138049154,0.7684447729902195,0.500361935395574,0.21075750743160693,0.26974244960322546,0.27385359951387633,0.18325659722754162
0.43361396692125787,0.6266993455513756,0.24862170647438953,0.07902014236242239,0.5449400291145019,0.943743846480545,0.5184576917146628
0.1254536564166172,0.042689507345746835,0.4044259135152831,0.4164749383424874,0.37857007959640887,0.25186501952573237,0.7471146864274929
0.26599501292240624,0.6848846794952148,0.8384376119498876,0.3533590861620791,0.40601152438398447,0.384524726144327,0.16435759943134676
0.9986405835392257,0.03461337977749668,0.8790501964477916,0.823539792333605,0.6039120622170028,0.9447287694089862,0.570818378507965
0.4459985326521051,0.4252206494748968,0.8913639366142476,0.6391241866918073,0.08501605177477889,0.6864151788325984,0.9845506452892334
0.4652203360846491,0.2010302547111701,0.6503239230791916,0.5877002773533493,0.43784556527191687,0.1755141387530499,0.37073320068391946
0.9234608813211332,0.9082772855040548,0.773741157653594,0.7522485735790252,0.5497216780625008,0.8774900640420797,0.09695619973348157
0.3563806882064299,0.6174021253136356,0.3441554445152837,0.4784411225505384,0.4501922617240385,0.7465412506938186,0.7274990756364846
0.8719127896988569,0.3990397354901045,0.19551501078027778,0.3169047098874367,0.9121993304197938,0.6048216438809795,0.6835470250549162
0.36978342542313514,0.22741050782105565,0.6599793672571795,0.06973950570978182,0.4782391494046998,0.2403861615650491,0.9943856435285442
0.18192723094075802,0.5915776598834118,0.04474693596572654,0.38242975473314467,0.7955605590503236,0.5210575535207269,0.5368303771102492
0.032810369427880626,0.35153254450512805,0.6817038063929509,0.5956965363888731,0.12284607354041421,0.5335451265050739,0.34769452464695916
0.08583713715063879,0.10200168854383118,0.017689773623368765,0.5829046114937705,0.04952103252424822,0.8746238679801829,0.3459892812201304
0.8388437535544171,0.4457723714406804,0.7542839651806343,0.9603434006399417,0.6190428382419256,0.850136946474986,0.8349400358601551
0.8669443761664125,0.518447102702617,0.8760017629277266,0.8701686997322812,0.2862517069491385,0.4584798895920891,0.6066793920424233
0.5722596052112131,0.34287240309923184,0.7798889172400073,0.8570326815278182,0.33783324656413594,0.04421872064207255,0.8566129145546654
0.7579477780964302,0.32398454268012034,0.7486225215957256,0.2089153251505088,0.5297490681881769,0.12738134183918337,0.7741800199623073
0.013074587574095298,0.6630194400990314,0.3442458748966233,0.055661621466946865,0.24378269980755918,0.7393024250892987,0.5696535082887302
0.7109329996424261,0.4408024393657801,0.35191289396908343,0.6288899707238834,0.009278067199474327,0.865759624613825,0.3755161139317136
0.4781059736874552,0.5347907076914507,0.9029314819643859,0.2538502809129608,0.11403628263147336,0.4428025855655846,0.9684160315537692
0.8420421833093438,0.9223740225761486,0.9448644203539083,0.264877924564521,0.7452720706364659,0.9197680381421935,0.5455625182542746
0.9412169766111075,0.8080235090996828,0.4105395535433112,0.3373149237035906,0.4359125139357012,0.19461028426428773,0.740136478820778
0.0927013469882284,0.40808602362878177,0.22107141577249,0.6467459552436166,0.7637248255306341,0.5636979678001253,0.4283810377774182
0.04835825881637312,0.34576623233137993,0.9602049149013338,0.3244273419142031,0.30345274897868657,0.9285331150309514,0.0534026181685332
0.4315445429306406,0.180016749436259,0.25318792181308036,0.419415159440932,0.27427283832285054,0.6037334795150562,0.5065308943228063
0.5703316932445238,0.5091250957710934,0.8032110026296161,0.2867138925613455,0.2653019918687972,0.5879053084786104,0.6518150456685549
0.7315073403587484,0.41643973788965316,0.053646247219333865,0.541798612098454,0.9098187019983276,0.3856305137999445,0.40850134437987484
0.38640415638373116,0.9233017345652391,0.10000701804234291,0.8269709033447444,0.17601240561040332,0.1219053556495836,0.41293364790949316
0.3036445916059558,0.6456578851991419,0.2771089848989613,0.7663994411697392,0.4826939887309124,0.30509075807702923,0.12119444651438305
0.6859601984166636,0.672502527236889,0.5562133743137454,0.5450388103886628,0.3034562749631412,0.6368197452957012,0.5594962067971635
0.833027365091912,0.5038815221560332,0.1340877346705247,0.7760090851211104,0.6508895131462278,0.7141215591160532,0.1391043279471098
0.20321187776848515,0.9095712722858953,0.2163556508644935,0.9461362943768383,0.9680975415230578,0.6326770093431391,0.35006842408397054
0.09571685486846893,0.02811565202834554,0.9985357151545775,0.5657808758886023,0.2200867856438884,0.6299420409010417,0.7836732603682678
0.09212056003965463,0.024823570163830855,0.34663610206142403,0.1695205121689337,0.5830238519316736,0.7798495166351905,0.36558314697034844
0.6753334157551699,0.6767830641743641,0.4278854972195556,0.711575395879758,0.43472697154854656,0.8034651838038611,0.818524853683092
0.570818866073384,0.748783925210516,0.40292238780876255,0.8247790527771318,0.7175605283011497,0.8683620591155168,0.5721715921849262
0.4862663799308182,0.8324270442015266,0.435864350287855,0.08225194434032368,0.6594861221495197,0.43167698712079283,0.544902727548935
0.6021165818137344,0.05635624298029718,0.8851981058827714,0.791102081420005,0.9686245441053545,0.87593341725093,0.5298290959415201
0.8255434796983365,0.2558117008078443,0.20716922704414054,0.9830382781158146,0.08656624794795587,0.4062359920814842,0.1514294193263972
0.7387396722826401,0.9746013788743896,0.006862693090981087,0.8156623690158554,0.9948475432837846,0.7354663774320426,0.1744132803075883
0.3895676618901801,0.8733846410919764,0.4721448485265777,0.570542293039325,0.7374917224462195,0.7638705437073746,0.8120695202827587
0.0978894504147918,0.14936018204441892,0.9579766393447127,0.33370893865807383,0.7608091391173012,0.8729767047194449,0.4612594127284122
0.36783889172334927,0.3934018800010055,0.40279099198443924,0.8886184417213614,0.18901521205627014,0.0828490899720069,0.756945806599015
0.2754127234583966,0.8843518569660758,0.5217353485057493,0.46730226805634223,0.39672180123726397,0.7261754821940029,0.3588068861294629
0.3339734347694209,0.7686471915190637,0.7562719713613634,0.05562956827838483,0.6491139004360442,0.47322620398489923,0.4184841544220008
0.48781817474890043,0.9071810401234861,0.13425531693663806,0.7194605751942065,0.5543813824887033,0.14227330850234876,0.32930970381972025
0.6662454012286674,0.24875589887586902,0.7319918623423263,0.1353755159327945,0.19848300559038223,0.2593436074272242,0.22281095642426751
0.5533744111461057,0.17113951406149985,0.6821377304037133,0.10440279523118312,0.6978904156713711,0.3028665816902838,0.7915857892844707
0.3450598283912485,0.08755832599078461,0.4059299455199913,0.15152432955302908,0.28912490171320904,0.2937169228715293,0.8746201227981043
0.8235352293410734,0.6827480636685184,0.3517573424189129,0.5105828283988961,0.13767434247026744,0.9208154120815814,0.011180226415430927
0.9256257646210275,0.7106226254678412,0.3038955819988788,0.7919364093097181,0.29071606060704525,0.30281179205393005,0.1282993064961918
0.9372328599320683,0.7711315298406078,0.385340372227711,0.4201646707157646,0.14675678498131217,0.646681095308677,0.14439911123977933
0.3042409551231745,0.7827600279848238,0.17078100837911825,0.472279711767318,0.31083262311846127,0.2282032611644812,0.16299136993678576
0.06207234417047558,0.3991495163389537,0.2889566669330885,0.5088846422192147,0.6988525399295672,0.8709291226202962,0.5606184393165039
0.7841548682747896,0.6998811078261071,0.9051567898264478,0.12077833935065097,0.2034279303116795,0.15108873335247397,0.25898206998832596
0.9169999354079149,0.8342410710970458,0.8629617543976967,0.9975854934269994,0.26854578993453104,0.11568106813115131,0.11392003467380585
0.38367443165235193,0.29039483372250474,0.06696297973297416,0.660079213446872,0.49512273492420555,0.6639365094474681,0.4924506009161924
0.9578516285394546,0.11823792987354731,0.3853154462958909,0.030953605606600987,0.2249969700021145,0.8849445587022151,0.820384547091447
0.6372177283398975,0.6426023194908004,0.8003538831707786,0.10871912647991233,0.2987064343851792,0.7851814176696417,0.16288653922534702
0.46105881392428794,0.9230150199541074,0.17963540465664463,0.28210850318727887,0.37028148135737515,0.6258281359169284,0.8491058125843479
0.7985123883413525,0.8744462069154177,0.17155157370461782,0.4495766341045455,0.721049444887075,0.512081058335715,0.047317462419205425
0.3374021390567784,0.6299896601179065,0.4224933138680813,0.7234376527682899,0.1627093950958972,0.24887883053388515,0.657937682281937
0.4285144529837648,0.29351813214624356,0.424174565461343,0.5180121896174287,0.9552344929663044,0.4732433763699134,0.14451832298401102
0.7986470068373193,0.7492342658071344,0.7693051428104745,0.004711081992951449,0.9049178650836107,0.859489086135673,0.179271688236726
0.14334402712758854,0.6387829047519153,0.6724358306825767,0.5135617924362176,0.5385286320721944,0.9041181532249604,0.9575002351764895
0.9102412831858083,0.7024458749414679,0.6754850477254304,0.46071309176218345,0.18806932971158596,0.02173376097416224,0.06785305687621201
0.3830794515124559,0.5010231330110135,0.9256991881010741,0.611981589406484,0.3448724714942548,0.9233305437699495,0.15329625196907537
0.2438684722869393,0.846304806519452,0.6000287914049734,0.8673379199717982,0.8965085534257538,0.6353582375112538,0.9673307451810884
0.4541965880542195,0.9016336732021024,0.7898419078652658,0.6048018295999541,0.2724356064095793,0.9378849478387143,0.5475424492663012
0.433902618623599,0.7734577332729491,0.5191821632686607,0.8367021031014761,0.9429512993142372,0.6284505988723025,0.019526725546486712
0.9380053100283057,0.24444834953154237,0.2185381362289469,0.780100649916975,0.4039847944649161,0.5953183963754616,0.7640061890707935
0.8407570279633484,0.6805306687637146,0.30890065082898344,0.6175628171416944,0.9684962062036174,0.6954872732067361,0.3559917406866149
0.45213916592182124,0.09194024532274969,0.17825246906623504,0.5716249902901676,0.8423188412562204,0.14802393199933672,0.0925739960074089
0.734664433806147,0.6519903246947802,0.5225660337038687,0.3780665251209627,0.3085460511482869,0.912761550850553,0.7500935846529665
0.4349498384279902,0.2013600157201877,0.08036292948569712,0.11871426756592973,0.1670935675758417,0.022306153600290424,0.4030400600983459
0.8729885036912367,0.1622592638121476,0.4091077399766442,0.8495388353225628,0.034646053711852365,0.7939809428744043,0.9258841256268271
0.11406375846532235,0.5856538234839855,0.10248586005682203,0.040133008976261264,0.5408468357501915,0.2879861861695926,0.2964012077659772
0.18957134560715694,0.838041750515513,0.8038774193352076,0.40566401008737063,0.36584169968657965,0.798433116363518,0.3147651174888828
0.6327384396953405,0.302043944295606,0.19001464402419677,0.7918855466098679,0.3617172399822789,0.15220493548747605,0.07830512754751051
0.5794868012429246,0.704731792508338,0.15163250789652094,0.2795163240988192,0.5516840596012115,0.6878818829064346,0.632257754857254
0.48344313518381044,0.9560810626610753,0.2538884506563315,0.4845371730671737,0.2232938138049969,0.010430670110871954,0.5469561364894672
0.17963679420020584,0.5027255513247291,0.9246513983674878,0.9873113886408329,0.4849558425737249,0.3541163352020008,0.9261237289329687
0.10252470539828507,0.493339559566245,0.7266337049587221,0.20841462174203795,0.9070182724388426,0.3404693077588262,0.014005911253076153
0.8379157112630872,0.24031976627476215,0.9077679639066449,0.13059231085449996,0.6896285558346895,0.1954546567118688,0.0029355628904493836
0.6289230462817268,0.21894249244512787,0.6536012389861529,0.7446666662543372,0.9323199051243314,0.17256467761369554,0.05717577082917602
0.1901160681441526,0.9601504912710629,0.16440379351918566,0.4595196553761659,0.5742999123849913,0.7489696969451725,0.47019982922521897
0.5458822335115312,0.48019077958064393,0.47655372010435015,0.45519392418019544,0.604856841487869,0.7409326905495999,0.42083797601963513
0.1584321575396742,0.39665263573558673,0.05403430951427879,0.07728824321555472,0.7412940913402496,0.27319941953657745,0.2751682126749795
0.93023778632114,0.3635505599898117,0.20391076572571654,0.35491860922809115,0.9416314397992899,0.7826092128436476,0.1851144715091968
0.9521542167221483,0.03375721641710727,0.29799274189243097,0.682817854909592,0.5323671897939001,0.19909355355143388,0.4866054517565721
0.5493913186819974,0.42116896781661883,0.33392420859640903,0.6312445719589237,0.2020014342070019,0.7045209859647931,0.6822632389438533
0.92428847288882,0.13006463945313684,0.16303343156181882,0.5632083720147312,0.011863999075621079,0.7152615215557351,0.27331237792448104
0.3331787142623446,0.9854245958940185,0.7073202913218677,0.6719698543880585,0.8864107016111641,0.45433618390678254,0.9175992749860649
0.22711925321152238,0.24356259790979862,0.46609810516381467,0.8656882853999452,0.5408053597079687,0.1470831069037437,0.4433326116959527
0.8524109883323879,0.6206068854555736,0.5781703767609099,0.3136476035138952,0.34793734255225983,0.1134967876442523,0.25775325149274775
0.332896168344631,0.010380267877861726,0.29744521982834693,0.6169887384323931,0.2732593403001514,0.19886430398163824,0.15794663570071188
0.9081470092681048,0.7926130529268718,0.6616515487806922,0.3510731333201217,0.5372295723026207,0.6315310419573216,0.4488966786571864
0.14258325390456994,0.6203620628523493,0.9091598139150172,0.12542804330835522,0.13737062533492406,0.024704224983155387,0.9455157348208112
0.05643550105884232,0.6190809042816499,0.6214284790309705,0.31619922228819886,0.16314403681044332,0.36735247909210555,0.5202155958463492
0.19538419957538344,0.08207184381411614,0.47033070262841137,0.7736077731583902,0.038329598958455224,0.7060889201997087,0.6888831469589818
0.6352624599013237,0.8681497322487552,0.415082321101264,0.48622205655018647,0.8211872714748492,0.4059895782259447,0.13389709619685886
0.5401649298995821,0.031287604823835635,0.15261928403689828,0.5605132630526337,0.16730342325339465,0.4144461547250031,0.6857788021469694
0.10966722608244761,0.012939839266649988,0.17495096239354113,0.4597355771033499,0.05554632877722154,0.4569190807942545,0.4447922431861171
0.20870390561544838,0.23360563628114128,0.7071131743668194,0.522274066049492,0.34007811842466684,0.22384846147089765,0.4614402194844418
0.7090869906489082,0.47096315479180884,0.7543841119091499,0.9825187280349045,0.8757178430826472,0.9088056218200525,0.5344228668614689
